customer_id,prediction,probability
4376-KFVRS,0,0.05389723919556371
2754-SDJRD,1,0.5288654731522989
9917-KWRBE,0,0.053697602447758154
0365-GXEZS,1,0.5270258974716688
9385-NXKDA,0,0.014608953802880579
4686-UXDML,0,0.44397031985044805
2227-JRSJX,0,0.45589631542978365
4830-FAXFM,0,0.08878849208276549
1830-IPXVJ,0,0.005828693002039812
4690-LLKUA,0,0.319195634966269
5804-HYIEZ,0,0.37768716272231345
2388-LAESQ,0,0.058586048779926736
5533-RJFTJ,0,0.1155131898714938
4706-AXVKM,1,0.5734129367066925
0997-YTLNY,0,0.16623655182993427
7971-HLVXI,0,0.04221782607451886
7337-CINUD,0,0.03231366594148919
1379-FRVEB,1,0.5571418816334567
4753-PADAS,0,0.1447454651199014
5701-GUXDC,0,0.07077538291842246
7235-NXZCP,1,0.6875684005192254
0668-OGMHD,0,0.2583093263772013
2812-REYAT,0,0.022545772642959833
8779-YIQQA,0,0.03575704773860964
9701-CDXHR,0,0.20227798887026077
7130-CTCUS,0,0.21894313696867462
1894-IGFSG,1,0.5655312491151399
0871-URUWO,0,0.44278586092910593
0057-QBUQH,0,0.01586660836953711
9611-CTWIH,1,0.7945808322161877
8058-DMYRU,0,0.44183327157268887
5351-QESIO,0,0.37948888577120604
4302-ZYFEL,0,0.01177805003787395
6134-KWTBV,0,0.00670676138919831
2034-GDRCN,1,0.8205378310550696
9544-PYPSJ,0,0.26100684610219965
4208-UFFGW,0,0.4232372861718667
9537-JALFH,0,0.004875672073681695
4415-IJZTP,1,0.834426363793097
4701-MLJPN,0,0.2645946259452192
7515-LODFU,0,0.005153395002297179
4927-WWOOZ,1,0.8099489292971656
4067-HLYQI,0,0.2731332640819291
6184-DYUOB,0,0.1837617324165226
9209-NWPGU,0,0.10950227118736154
9851-KIELU,1,0.6969065935519417
3199-XGZCY,1,0.6691388864581771
4226-KKDON,0,0.431630990510896
1085-LDWAM,0,0.01158535037119706
6825-UYPFK,0,0.3759155828157537
1767-CJKBA,0,0.0052894385655730385
7181-BQYBV,1,0.8769206385676086
0178-CIIKR,0,0.19310658297055078
4256-ZWTZI,0,0.30298612868461494
9537-VHDTA,0,0.47767637306630983
2754-XBHTB,1,0.5680841436538836
5975-BAICR,0,0.0705064937998328
3301-VKTGC,0,0.1149399828366628
2877-VDUER,0,0.056669021994502265
7717-BICXI,0,0.005792909083165144
0562-FGDCR,0,0.012014144399371363
3705-PSNGL,0,0.03721436451616496
0048-LUMLS,0,0.17879467654865486
6497-TILVL,0,0.3131825472184311
2108-YKQTY,0,0.45879100933906064
3658-KIBGF,1,0.6049102160666414
5482-NUPNA,0,0.3434580637854336
7410-KTVFV,0,0.17860783730944646
9033-EOXWV,0,0.13718456552307987
8821-XNHVZ,1,0.7755387014338511
8224-KDLKN,0,0.004743637084243653
4825-FUREZ,0,0.015880426550507077
7534-BFESC,1,0.5502925755340422
9138-EFSMO,0,0.20415296159766239
4227-OJHAL,0,0.033188876073285696
7279-NMVJC,0,0.04587105589483287
8591-TKMZH,0,0.0647964782513564
9283-LZQOH,0,0.46102160174074347
3594-IVHJZ,0,0.20196130639474524
1945-XISKS,0,0.004567297312282736
4359-INNWN,0,0.044005802865643026
7649-SIJJF,0,0.013584955937395475
9254-RBFON,0,0.23573688351747776
0970-ETWGE,1,0.8631389265503372
7762-ONLJY,0,0.08160703520677234
6710-HSJRD,0,0.4331585667257626
8873-GLDMH,1,0.6248561753107454
9907-SWKKF,0,0.39920270264171914
4658-HCOHW,1,0.568731182515874
9330-VOFSZ,0,0.06911699292352601
2860-RANUS,0,0.4017878724267521
6234-PFPXL,0,0.35429992095005125
7205-BAIAD,0,0.009959973462131037
3858-VOBET,1,0.5305552461114518
5103-MHMHY,0,0.45819993706438134
6119-SPUDB,0,0.017735570220566838
9389-ACWBI,1,0.5784043256336902
3454-JFUBC,0,0.005181463323298411
1768-ZAIFU,0,0.4958416656746076
7017-VFULY,0,0.20650164258196008
9221-OTIVJ,1,0.5951924596305314
2482-CZGBB,1,0.5451817465108946
7018-WBJNK,0,0.4243077332560069
3331-HQDTW,0,0.37822262337711887
4695-VADHF,0,0.3233704680672643
4086-WITJG,0,0.004552796430615993
6297-NOOPG,0,0.10163886970668376
8777-PVYGU,0,0.050993304873075684
4378-MYPGO,0,0.057844039876525186
9313-CDOGY,0,0.09602104964334945
4121-AGSIN,0,0.0164976153612363
0432-CAJZV,1,0.7347564866166053
9097-ZUBYC,0,0.21884334675922645
9638-JIQYA,0,0.38452540994868734
1024-GUALD,0,0.4768022741754795
8024-XNAFQ,0,0.05860873976981896
7587-RZNME,0,0.4829419577603806
1346-UFHAX,0,0.45596553911496124
6374-NTQLP,0,0.05258098677099934
6625-FLENO,0,0.006149568329685382
7375-WMVMT,0,0.049564078211259466
6910-HADCM,1,0.8382002910686964
7401-JIXNM,0,0.022970270756365072
7338-ERIVA,0,0.0553720742060037
5376-DEQCP,1,0.8262398468342312
0909-SELIE,0,0.01913352223219529
5419-KLXBN,0,0.3815795554377902
0365-TRTPY,0,0.3397076269781166
6712-OAWRH,1,0.5541145410601066
2428-ZMCTB,0,0.15609245499402608
1963-VAUKV,0,0.22584210688684092
9381-NDKME,0,0.16326963458803995
3729-OWRVL,0,0.11591395893666719
0895-LMRSF,0,0.09106103661675195
2676-SSLTO,0,0.028988419152573816
8495-PRWFH,0,0.20417316513265293
9030-QGZNL,0,0.031926672530489114
9972-NKTFD,0,0.17850661848322122
7998-WNZEM,0,0.016021210041196894
0979-PHULV,0,0.23597553709940589
6445-TNRXS,0,0.06264832548501141
9586-JGQKH,0,0.06180994075088877
3966-HRMZA,1,0.6916434454359474
5498-IBWPI,0,0.03542998648637133
6823-SIDFQ,0,0.033129774119002475
2323-ARSVR,0,0.11131888330691345
5468-BPMMO,0,0.0770418579565146
0486-HECZI,0,0.4470964059499523
2178-PMGCJ,0,0.3127359878851816
4660-IRIBM,0,0.4096629192952264
9674-EHPPG,0,0.018435552672140247
5606-AMZBO,1,0.5544426731851722
0665-XHDJU,0,0.08605432154567738
5402-HTOTQ,0,0.34062803511719625
8258-GSTJK,1,0.7329257420833907
3787-TRIAL,0,0.2588848357589123
6175-IRFIT,1,0.5734971687294211
6317-YPKDH,0,0.445025279283486
5692-FPTAH,0,0.4736432463774253
5373-SFODM,0,0.30786008004658744
0868-VJRDR,0,0.06136826554864919
4079-VTGLK,0,0.054494395230989215
1166-PQLGG,0,0.0043480478381543305
5296-BFCYD,0,0.006844051497945748
6568-POCUI,0,0.06503230273796298
2839-RFSQE,0,0.2086716878126595
2188-SXWVT,0,0.0645884878217756
8849-GYOKR,0,0.16947341915230618
3623-FQBOX,0,0.07939661501475255
2649-HWLYB,0,0.016459411679215937
0599-XNYDO,0,0.2867473019524117
2514-GINMM,1,0.8444660342085563
8401-EMUWF,0,0.12277421940481427
5766-ZJYBB,0,0.2232472620816534
2604-IJPDU,1,0.5631127200722036
2501-XWWTZ,1,0.5668732775593913
6370-ZVHDV,0,0.0064895948972724035
3027-YNWZU,0,0.005810553947002394
4526-ZJJTM,0,0.3916866630386051
0440-QEXBZ,0,0.11049732469797767
0330-IVZHA,1,0.639283258582077
9758-MFWGD,0,0.040644675645617176
4229-CZMLL,1,0.6591490016485206
0742-MOABM,0,0.3775417390126029
4277-BWBML,0,0.0045605232976405514
5136-GFPMB,0,0.298996096233175
7520-HQWJU,0,0.09327039107846839
6304-IJFSQ,0,0.422750716090684
0297-RBCSG,0,0.10397830281203813
6013-BHCAW,0,0.01854271562661084
4402-FTBXC,0,0.2992622263396608
1471-GIQKQ,1,0.5871510237469143
4283-FUTGF,1,0.5744289459919778
9548-LERKT,0,0.012306972083827718
8059-UDZFY,0,0.3662610497104691
0410-IPFTY,0,0.33454459958569216
2478-EEWWM,0,0.15317100140186654
4619-EVPHY,0,0.2141903556356719
2277-DJJDL,0,0.41208664193670047
2911-WDXMV,0,0.4105609486725706
3639-XJHKQ,0,0.2681884138131917
8173-RXAYP,0,0.012670799501336035
4537-CIBHB,0,0.0690350295293531
5442-BXVND,0,0.06293958103880291
2308-STERM,0,0.17082748873776435
7159-NOKYQ,0,0.08909684896481446
6075-QMNRR,0,0.12351765678779168
3694-GLTJM,0,0.1921125832655417
9629-NHXFW,0,0.21130034725515554
7167-PCEYD,0,0.0049531258531866134
2748-MYRVK,0,0.153438349300389
4223-WOZCM,0,0.40836793451013625
6946-LMSQS,0,0.3412569799334701
5469-NUJUR,0,0.01569961937410335
6388-TABGU,0,0.042622752872794115
1261-FWTTE,0,0.17528775986865586
8590-YFFQO,0,0.015395029866336028
0082-OQIQY,1,0.5603628582595139
9465-RWMXL,0,0.49266168404150723
2930-UOTMB,0,0.1726654436022533
9128-CPXKI,0,0.1167579010095062
0484-FFVBJ,0,0.08390161556148161
1100-DDVRV,0,0.1827944222023147
9313-QOLTZ,0,0.07617355512472034
3338-CVVEH,1,0.6134760527785547
1131-SUEKT,0,0.13647478791716863
7602-DBTOU,0,0.004032158990884979
1385-TQOZW,0,0.1791188224693606
6892-XPFPU,1,0.5550184977667458
4115-NZRKS,1,0.715182280568813
5514-YQENT,0,0.1394329069867109
6319-IEJWJ,1,0.5555021730908505
8849-AYPTR,0,0.4983834638716463
5893-PYOLZ,0,0.022446766178944068
7180-PISOG,1,0.8244895058142688
8443-ZRDBZ,1,0.6974069548432084
9079-YEXQJ,0,0.49001878154165474
3780-YVMFA,0,0.395914356051862
6968-MHOMU,0,0.0408525517913055
0899-LIIBW,0,0.48136710346037875
3677-IYRBF,0,0.43003902301508684
8393-DLHGA,1,0.5314383461903615
7691-XVTZH,0,0.05220884946700456
5360-LJCNJ,0,0.053656736295736744
3891-PUQOD,1,0.6034316451998635
0952-KMEEH,0,0.46970340644198116
4919-IKATY,1,0.6583430416001522
9746-UGFAC,0,0.03901125132936109
9108-EQPNQ,0,0.033188643488409796
0531-ZZJWQ,0,0.39491103103801795
8763-KIAFH,0,0.029474741800055958
5863-OOKCL,0,0.15562704415704345
2958-NHPPS,0,0.14249616104210952
9530-GRMJG,0,0.027635978103085528
1809-DMJHQ,0,0.3370514570049649
0164-XAIRP,0,0.014880877191347968
2926-JEJJC,0,0.08757852313719543
1169-WCVAK,0,0.40278541370398663
1217-VASWC,0,0.1626687667886659
2452-KDRRH,0,0.26547918178168206
6402-EJMWF,0,0.3525167936290701
7663-CUXZB,0,0.13212260871174794
4312-KFRXN,0,0.004310818182113359
3011-WQKSZ,0,0.1487749025324556
9747-DDZOS,1,0.79042382693158
2091-MJTFX,0,0.1508103106265059
0388-EOPEX,1,0.7782362943292999
3161-ONRWK,0,0.04914965577007278
2587-EKXTS,0,0.4790829599628446
9752-ZNQUT,1,0.5822658734767518
9572-WUKSB,0,0.4236804428850671
3836-FZSDJ,0,0.004635453058178635
8805-JNRAZ,0,0.41083336924151415
3069-SSVSN,0,0.22379303009171364
8015-IHCGW,0,0.10079273143493332
8132-YPVBX,1,0.6019800244678611
0235-KGSLC,1,0.814681624923825
1302-UHBDD,1,0.60908724186768
3722-WPXTK,1,0.8610126712846519
7531-GQHME,0,0.14423378783009214
1335-NTIUC,0,0.38867667434012515
9367-TCUYN,0,0.14416298719226936
1536-HBSWP,1,0.5869703916627502
8573-JGCZW,0,0.04378767548776234
2694-CIUMO,1,0.5423593329954867
2027-FECZV,1,0.6568184439937371
9103-TCIHJ,0,0.18841350846054067
1545-JFUML,0,0.09078813189909804
0524-IAVZO,0,0.4846321442274063
5519-TEEUH,0,0.02482121135373804
6654-QGBZZ,0,0.2245420215501737
2294-DMMUS,0,0.10568678028406017
0017-IUDMW,0,0.05828773596345503
5018-LXQQG,0,0.17529850824818924
5808-TOTXO,0,0.09650043015571111
1174-FGIFN,0,0.3203625977860648
0730-KOAVE,0,0.4042042537028961
1218-VKFPE,0,0.12965704700078598
5313-FPXWG,0,0.02283861965561086
2834-JKOOW,0,0.09530488164215178
9430-NKQLY,0,0.004572943298440658
0363-QJVFX,0,0.3883131467495018
1658-TJVOA,1,0.6706330578732385
6685-GBWJZ,0,0.038693062238810784
6328-ZPBGN,1,0.6031601414482629
4003-FUSHP,0,0.22031233600500397
7690-KPNCU,0,0.03829455111584568
2969-WGHQO,0,0.24352867132170544
1855-CFULU,0,0.17299914134171007
9788-YTFGE,0,0.15918961391622638
8266-VBFQL,1,0.7390873021655865
2325-NBPZG,1,0.7245320210491224
9906-NHHVC,0,0.01687697009851753
2541-YGPKE,0,0.05475735863389563
5049-MUBWG,0,0.08479582824549436
2332-TODQS,0,0.01955849528493167
4419-UJMUS,0,0.09375276853077233
2233-TXSIU,0,0.08730806206326948
6770-XUAGN,0,0.2883642013548596
2919-HBCJO,1,0.621337899165275
9508-ILZDG,1,0.52382941940454
5442-BHQNG,1,0.7261732928909255
7250-EQKIY,0,0.47488847108279986
6838-HVLXG,0,0.1390593731544231
9767-FFLEM,0,0.2554396047358031
2245-ADZFJ,0,0.03000540122841152
1150-WFARN,0,0.06177554878973491
9054-FOWNV,1,0.5508384404708794
7997-EASSD,0,0.1211683150168611
7560-QJAVJ,0,0.01608842806660349
2668-TZSPS,0,0.2259724082157656
9139-WQQDY,0,0.1604608887078351
6726-NNFWD,0,0.04487251200608723
9330-DHBFL,0,0.07783483799524894
5727-MYATE,0,0.016339199183348314
2824-DXNKN,0,0.013649226331425181
6166-ILMNY,1,0.6531662200441742
5236-XMZJY,0,0.12984897133055212
1709-EJDOX,0,0.006595510959785538
4962-CHQPW,0,0.029254059388921956
0301-FIDRB,0,0.014433845890635035
1820-TQVEV,1,0.7874450418820081
9115-YQHGA,0,0.21096272478039596
1541-ETJZO,1,0.5355896667473407
6230-BSUXY,1,0.8549300329380815
6797-LNAQX,0,0.05259676769242529
9588-YRFHY,0,0.009170048683546402
1092-GANHU,1,0.5670669888589612
5951-AOFIH,0,0.15802780983756506
7029-RPUAV,0,0.45471434103397695
4700-UBQMV,0,0.08425875103501056
3594-UVONA,0,0.06441934794041981
7750-EYXWZ,0,0.20100891324641065
7054-ENNGU,0,0.2861445739863853
0402-OAMEN,0,0.004704561001325761
2195-VVRJF,0,0.20724797455597627
8819-ZBYNA,0,0.06901016604335385
7748-UMTRK,1,0.5339720411550073
1741-WTPON,0,0.06909987432050314
7209-JCUDS,1,0.5930695242221313
2485-ITVKB,0,0.46954013462123706
9648-BCHKM,0,0.01610547420702279
0743-HRVFF,0,0.09642479982474142
2522-AHJXR,0,0.3026780184533217
9143-CANJF,0,0.2729374794278418
1444-VVSGW,0,0.14159925806864218
6898-MDLZW,0,0.283340871713423
0074-HDKDG,0,0.08281456161670071
3982-JGSFD,0,0.027424633572997625
7928-VJYAB,1,0.6082927308017153
1522-VVDMG,1,0.6789887162105058
2665-NPTGL,0,0.40176450599143165
8728-SKJLR,0,0.42785999649181455
7733-UDMTP,0,0.18859387322424728
0431-APWVY,0,0.19215770448244385
5081-NWSUP,0,0.14998672244314218
2746-DIJLO,0,0.05812566420591868
7277-OZCGZ,1,0.5699942207048365
5236-PERKL,0,0.08023244288731797
2788-CJQAQ,0,0.04414115076485008
3096-WPXBT,0,0.14625481315690717
9962-BFPDU,0,0.2129191490977676
2892-GESUL,0,0.015788806477803313
9741-YLNTD,1,0.6355739915762657
1205-WNWPJ,0,0.335118995897043
3173-NVMPX,0,0.29334345576011983
9661-MHUMO,0,0.4925575422178164
6000-APYLU,1,0.6555434594311333
0048-PIHNL,0,0.02302166717929748
9420-LOJKX,0,0.47951490551972714
7061-OVMIM,0,0.030157121654965743
5671-RQRLP,0,0.0396712823976254
5129-JLPIS,1,0.5611610693320668
5170-PTRKA,0,0.04924779826160283
4819-HJPIW,0,0.16605163661102615
8780-RSYYU,0,0.07889526205859304
2335-GSODA,0,0.03149768476529126
5696-CEIQJ,0,0.058289851850311096
6169-PPETC,0,0.010552559772668758
4237-RLAQD,0,0.4753153949957928
7359-WWYJV,0,0.05574576281352076
8620-RJPZN,0,0.3020510726725598
7426-WEIJX,0,0.37943272221130814
7629-WIXZF,0,0.270380813884815
2616-FLVQC,0,0.005412608989174715
9163-GHAYE,0,0.3368213411089673
4464-JCOLN,0,0.09561249983808787
2971-SGAFL,0,0.3509633616319895
4735-ASGMA,1,0.5676694901630174
5245-VDBUR,0,0.0401776780496314
1493-AMTIE,0,0.24602147270184502
1112-CUNAO,1,0.5682764467291576
7571-YXDAD,1,0.7243161602402994
8714-EUHJO,0,0.4693835216756075
9040-KZVWO,0,0.20170341541043843
6713-OKOMC,0,0.2763206036114275
8749-CLJXC,0,0.224931488082751
4713-LZDRV,1,0.7217080343328381
6598-RFFVI,0,0.11583392836427756
7470-MCQTK,0,0.21893832020692086
5524-KHNJP,0,0.06383436790881104
1707-HABPF,0,0.1578658805673888
4581-LNWUM,0,0.3490166948923291
9710-ZUSHQ,0,0.3474952401201371
1697-LYYYX,0,0.014862807405184066
4013-GUXND,0,0.2268860075179149
5022-JNQEQ,1,0.6475664560844021
4983-CCWMC,1,0.5947538988129512
6345-FZOQH,0,0.004340393360503058
0962-CQPWQ,0,0.00596660086154521
5495-GPSRW,0,0.014630226265021543
2252-JHJGE,0,0.2520934569013917
7356-AYNJP,0,0.12528853022083403
2019-HDCZY,0,0.11288925144279616
8582-KRHPJ,0,0.10259272632678162
2867-UIMSS,1,0.8464133277246458
3487-EARAT,0,0.03350056869821334
9926-PJHDQ,0,0.014218339248953476
0289-IVARM,0,0.2674784344721595
4672-FOTSD,0,0.3716036511822868
6198-PNNSZ,0,0.17026189791128357
7603-USHJS,1,0.5276171354935587
6784-XYJAE,0,0.12380127655708592
3858-XHYJO,0,0.1751503781430074
1087-UDSIH,0,0.18962749787727878
7251-LJBQN,0,0.17636762704884573
3200-MNQTF,0,0.014763486403512606
9359-UGBTK,0,0.03757786219611809
8160-HOWOX,0,0.4435769414995987
0258-NOKBL,1,0.7655942884177254
2800-QQUSO,0,0.46999271760726546
2129-ALKBS,0,0.09157271198005593
9972-VAFJJ,0,0.26382479005193576
4693-VWVBO,0,0.254813015384579
6969-MVBAI,1,0.6526904406976166
4821-WQOYN,0,0.00445796961500816
6769-DYBQN,0,0.41608219958127723
4018-PPNDW,0,0.005597338222443663
6288-CHQJB,0,0.023396586358832006
4905-JEFDW,0,0.1942053456805791
0559-CKHUS,0,0.012020851030448783
2659-VXMWZ,0,0.23020395082233597
6559-RAKOZ,0,0.26798193558179395
8809-XKHMD,0,0.050369043436012305
6365-HITVU,0,0.015003815328823675
0134-XWXCE,0,0.05431613074372947
9720-JJJOR,0,0.057676133451587175
2782-LFZVW,0,0.31942900741990155
6112-KTHFQ,0,0.09533639289272743
9220-ZNKJI,0,0.06539875311901827
9820-RMCQV,0,0.32220545188553085
9013-AQORL,0,0.09888933463295904
2040-OBMLJ,0,0.18882638102549015
5574-NXZIU,0,0.06545462904090825
5446-DKWYW,0,0.08318261181120577
0480-KYJVA,0,0.004468967500048144
1074-AMIOH,0,0.3135975729310112
0015-UOCOJ,0,0.41014541439477453
0256-LTHVJ,1,0.5155155446236471
4547-LYTDD,1,0.5618971710809506
1077-HUUJM,1,0.6624863388410691
2041-JIJCI,0,0.4056442480266815
1555-HAPSU,0,0.004675376596931229
4323-SADQS,0,0.34941822620433033
3292-PBZEJ,1,0.6788770588855885
6203-HBZPA,0,0.025213370840523424
9755-JHNMN,0,0.028682100599780255
7369-TRPFD,0,0.04147858056148551
9878-TNQGW,1,0.7715841489922154
2279-AXJJK,0,0.297677043847141
5016-IBERQ,1,0.5124283843026879
1016-DJTSV,1,0.5794683246041574
8433-WPJTV,0,0.13774741407187846
8903-XEBGX,1,0.522484366984119
2632-TACXW,0,0.006325842097759066
7952-OBOYL,1,0.7203837432915993
1470-PSXNM,0,0.27777498826055536
6227-HWPWX,0,0.37268032086099384
5924-SNGKP,0,0.021101133633218104
8818-DOPVL,0,0.4506497534902967
4521-WFJAI,0,0.008185546135760505
4724-WXVWF,0,0.4455652873651062
3717-OEAUQ,1,0.7158889824206033
8165-ZJRNM,0,0.004645641597047894
7838-LAZFO,0,0.04919583755132872
0513-RBGPE,0,0.027680926998450636
7251-XFOIL,0,0.24962033923769744
2525-GVKQU,0,0.006457569997317616
7579-OOPEC,0,0.3960742037771942
3795-GWTRD,0,0.016878229162378064
4750-ZRXIU,1,0.7012333553503385
5445-PZWGX,0,0.23406650614485866
0516-UXRMT,0,0.22667589335405453
0727-BNRLG,0,0.05518284175492472
3932-CMDTD,1,0.5373874084896434
1264-FUHCX,0,0.05721754546053176
6194-HBGQN,0,0.059196130907706306
4524-QCSSM,0,0.17840204275156843
4570-QHXHL,0,0.37888987748740327
2972-YDYUW,0,0.2486771142676587
2061-VVFST,0,0.05328773033552507
6874-SGLHU,0,0.19785826942828463
9844-FELAJ,0,0.21902843427535054
1902-XBTFB,1,0.5233994195181125
9039-RBEEE,0,0.131815171539865
9369-XFEHK,0,0.33277172967328295
3680-CTHUH,0,0.1694860309192106
3679-XASPY,0,0.28364738025027975
9089-UOWJG,0,0.2756914803619451
1574-DYCWE,0,0.007488723483912665
9779-DPNEJ,1,0.5147134342553791
2967-MXRAV,0,0.10221266691474848
0327-WFZSY,0,0.2826279003927104
1731-TVIUK,1,0.7503282855954256
7666-WKRON,0,0.12236853264691895
3865-ZYKAD,0,0.22058262303670598
1465-LNTLJ,0,0.2895769558196535
2696-RZVZW,0,0.005239369405457745
0685-MLYYM,1,0.74535769674067
2778-OCLGR,0,0.1556043219091229
3982-XWFZQ,0,0.18667322611782944
4759-PXTAN,0,0.08304799964949686
1448-PWKYE,1,0.8360365334081339
8741-LQOBK,0,0.09599596575858893
8650-RHRKE,0,0.4273150927703985
7266-GSSJX,0,0.1794216937877326
1265-HVPZB,0,0.04831704308161622
9640-ZSLDC,0,0.052304015460758746
0988-JRWWP,1,0.5327373948323114
1926-QUZNN,0,0.004654180688923808
9025-ZRPVR,0,0.14697589569210032
6527-PZFPV,0,0.03411722507980811
7460-ITWWP,0,0.4149280801350404
1530-ZTDOZ,0,0.11177155457670387
4785-FCIFB,0,0.005897528247229083
9717-QEBGU,1,0.7168948576971629
0876-WDUUZ,1,0.6411456095910716
7881-EVUAD,1,0.532979200318679
4002-BQWPQ,0,0.18291255890531802
6377-WHAOX,0,0.4306472943231944
5027-YOCXN,0,0.1743799531200008
8450-JOVAH,0,0.42425518260384576
6646-QVXLR,0,0.2390137008562832
0254-KCJGT,0,0.051560250166346785
3442-ZHHCC,0,0.041140891522941175
9167-APMXZ,0,0.40456764440031623
0616-ATFGB,0,0.47773174739004776
7273-TEFQD,0,0.45241789928481596
8245-UMPYT,1,0.5841330399322229
6022-UGGSO,1,0.5088665295260404
6292-TOSSS,0,0.0098881719202303
5207-PLSTK,0,0.4685752883550602
3908-BLSYF,1,0.6924280700297653
4317-VTEOA,1,0.590037915857324
0625-AFOHS,0,0.011885585504808938
4667-OHGKG,0,0.22298894956723436
2386-OWURY,0,0.4130257843661685
3780-DDGSE,0,0.2102137239283621
1047-RNXZV,0,0.007917980817059191
3926-YZVVX,0,0.05967626630306141
4742-TXUEX,0,0.007496044759480563
8709-KRDVL,1,0.5164506648692074
0397-ZXWQF,0,0.0054766909965589545
3910-MRQOY,0,0.0042926395805428855
2511-MORQY,0,0.060236381629658886
4039-PIMHX,0,0.02143206731614238
8083-YTZES,1,0.747474623070084
1346-PJWTK,0,0.2661922422570818
3750-YHRYO,0,0.07111965965013112
1236-WFCDV,0,0.4536567040468932
5949-HGVJL,0,0.24800574163112238
9112-WSNPU,0,0.47354767499985345
1360-JYXKQ,0,0.2529702114692162
3585-ISXZP,1,0.6007917809873538
8380-PEFPE,1,0.8182586244227403
9402-ROUMJ,0,0.1303042644662481
4335-UPJSI,0,0.012124474951606628
6096-EGVTU,0,0.013022569330936769
8988-ECPJR,0,0.2991286374316144
7677-SJJJK,0,0.07666617410909721
5850-BDWCY,0,0.16733063889243857
2025-JKFWI,0,0.4419553538850553
8028-PNXHQ,0,0.006420457751900511
8397-MVTAZ,0,0.48363640652746276
4445-ZJNMU,1,0.5790483773671251
3125-RAHBV,0,0.03679922698381419
6682-QJDGB,0,0.1184744847681201
8840-DQLGN,0,0.3277243762859698
6258-NGCNG,0,0.16125934442760687
5917-RYRMG,0,0.0311611309747512
7157-SMCFK,0,0.00567302289224934
0816-TSPHQ,0,0.20071503883549568
6766-HFKLA,0,0.0724004472740301
7067-KSAZT,0,0.2257774730414135
5155-AZQPB,0,0.1469926814203629
6890-PFRQX,0,0.21146591842310183
3508-VLHCZ,0,0.016878419153419585
3649-JPUGY,0,0.01772959996472121
9248-OJYKK,1,0.8384022961552645
7239-HZZCX,0,0.22415303434792833
9860-LISIZ,0,0.0595891013199109
6979-ZNSFF,1,0.6182876943970005
8938-UMKPI,0,0.44150160185195825
1820-DJFPH,0,0.004650321720255379
0732-OCQOC,0,0.008626363803536612
6776-TLWOI,0,0.1855941598630139
4940-KHCWD,0,0.01566007127968621
9057-SIHCH,1,0.7683753849761623
9866-QEVEE,0,0.45087858471202524
5542-TBBWB,1,0.788316734945324
4587-VVTOX,1,0.7640856852449674
6322-HRPFA,0,0.12539086890003812
6284-AHOOQ,0,0.4254985399279382
4530-NDRKU,0,0.03866904028281878
1751-NCDLI,0,0.42820644969497873
3893-JRNFS,0,0.07339795280150162
5857-XRECV,0,0.10572268174383123
3115-CZMZD,0,0.011882054617749332
4489-SNOJF,0,0.21148094254222366
1051-GEJLJ,0,0.22073011778831028
3563-SVYLG,0,0.015219423898817397
4301-VVZKA,1,0.56616250680273
9351-HXDMR,0,0.052240450374845974
5161-XEUVX,0,0.0714700832946139
3088-FVYWK,0,0.008139854066832427
9812-GHVRI,0,0.2938792111178942
1370-GGAWX,0,0.24450506657192972
6023-YEBUP,1,0.7423615567677464
9940-RHLFB,1,0.836066922020974
4541-RMRLG,0,0.23624492393195654
2606-RMDHZ,0,0.3101983680001758
5575-TPIZQ,0,0.27430424250068747
9378-FXTIZ,0,0.058276616932319183
4631-OACRM,1,0.602549529769851
8593-WHYHV,1,0.7428574449643868
1403-GYAFU,0,0.004645978971713381
7641-TQFHN,0,0.07099227169658091
4237-CLSMM,0,0.19536275718770077
4360-PNRQB,0,0.40296342562451093
5334-AFQJB,0,0.004905309862390458
9308-ANMVE,0,0.17550230945796377
3530-VWVGU,0,0.07486846849348511
4674-HGNUA,0,0.01565656500494448
3030-YDNRM,1,0.6694313555726037
3642-BYHDO,0,0.004593290637929606
0440-UEDAI,0,0.16325289183406175
9819-FBNSV,0,0.3129687801985194
9289-LBQVU,0,0.04142392499130931
4468-YDOVK,0,0.36655135723693333
2001-EWBQU,0,0.12120003861738955
9992-UJOEL,0,0.44388521836203265
8409-WQJUX,0,0.14544505625949924
3077-RSNTJ,0,0.1612044807083526
6993-YCOBK,0,0.12297348070441956
4817-VYYWS,1,0.5416561159535449
4702-HDRKD,0,0.03762059924264583
3251-YMVWZ,0,0.021306899434621503
4190-MFLUW,0,0.3179148321745032
4678-DVQEO,1,0.5952545008411092
4701-AHWMW,0,0.11067352200842265
2987-BJXIK,0,0.014948007980116744
1730-VFMWO,0,0.1331642821617565
1936-UAFEH,0,0.06717947065230541
5140-FOMCQ,0,0.15066921043935094
8778-LMWTJ,1,0.6186371491427451
9840-DVNDC,1,0.6336425055955002
8033-VCZGH,0,0.28041769505591185
8580-QVLOC,0,0.016944606436682236
6128-AQBMT,0,0.20227441163793608
6257-RJOHI,0,0.3690391121411784
1929-ZCBHE,0,0.08069389293605728
6242-SGYTS,0,0.13609090220817374
7010-ZMVBF,0,0.08240000743170103
3519-ZKXGG,1,0.6842356592059226
5666-MBJPT,0,0.0060144144918439545
3313-QKNKB,0,0.2163606141980179
7581-EBBOU,0,0.05250895087984794
1784-BXEFA,0,0.15429156381043765
7492-TAFJD,0,0.06585231931388971
5213-TWWJU,1,0.5202900233740595
3312-ZWLGF,0,0.4743470521925022
2923-ARZLG,0,0.028535476509553508
7032-LMBHI,0,0.07295119175534996
8292-ITGYJ,0,0.008099411188521964
9107-UKCKY,0,0.07745372560049457
6848-HJTXY,0,0.005549618763814324
4184-VODJZ,0,0.21197272663788894
4846-WHAFZ,0,0.4386145699480306
8735-SDUFN,0,0.004601166186184779
0839-JTCUD,0,0.017639552080978293
6857-VWJDT,1,0.8238415910670598
7363-QTBIW,1,0.5962247509208343
6158-HDPXZ,0,0.40027543998247944
5419-CONWX,1,0.6297298395332392
9286-DOJGF,0,0.29566464237304896
2408-PSJVE,0,0.0990022845431139
2087-QAREY,0,0.16617362222172416
6777-TGHTM,0,0.17295767396003187
6507-ZJSUR,1,0.5180155373807162
5025-GOOKI,0,0.09109307346381319
6080-LNESI,0,0.008470322559665774
2236-HILPA,0,0.006018680320470026
1386-ZIKUV,0,0.16315536522028362
3365-SAIGS,1,0.6101419133075735
6061-GWWAV,0,0.05570408328821895
9979-RGMZT,0,0.40679610199531235
8445-DNBAE,1,0.5703863347654007
6872-HXFNF,0,0.04116920499646113
1320-HTRDR,1,0.7477066150056412
3923-CSIHK,0,0.42819021003284363
2446-ZKVAF,0,0.1830420215237262
4640-UHDOS,0,0.3411380982142355
5457-COLHT,0,0.015687221537497152
2254-DLXRI,1,0.78527997418825
5339-PXDVH,1,0.7281523276158075
2386-LAHRK,1,0.5037960421553022
5062-CJJKH,0,0.07559849609642287
8930-XOTDP,0,0.1651444349410873
4779-ZGICK,0,0.0065151414419804135
9534-NSXEM,0,0.034472240162309306
3716-BDVDB,1,0.7863204472333228
9842-EFSYY,0,0.3680859410829257
9122-UMROB,0,0.22558166390784143
1867-BDVFH,1,0.5954329670912598
5949-EBSQK,0,0.4108137311844472
4160-AMJTL,0,0.21265573672347074
8622-ZLFKO,1,0.7073055036128989
2990-IAJSV,0,0.017517325057201907
6064-ZATLR,0,0.03428288003159674
7409-KIUTL,1,0.8168136806531666
5505-OVWQW,0,0.03965345335639127
3948-KXDUF,0,0.0197570689112596
9814-AOUDH,0,0.008199759721529747
7398-LXGYX,0,0.2876234535482242
5266-PFRQK,0,0.019782260349495952
1568-BEKZM,0,0.01620299775289931
2692-PFYTJ,0,0.24008528488698072
2533-QVMSK,0,0.10743182841931342
5828-AVIPD,0,0.3711056562596528
2907-ILJBN,0,0.06211869818032849
5226-NOZFC,1,0.561575757964517
7114-AEOZE,0,0.007001269207508297
2202-CUYXZ,1,0.8546525734763631
3466-RITXD,0,0.40832196608070426
7278-CKDNC,0,0.48743507322608676
1956-YIFGE,0,0.22198896660909492
0422-UXFAP,0,0.2789999974859722
3733-UOCWF,0,0.12703884883770636
7191-ADRGF,0,0.021829516318939864
5709-LVOEQ,0,0.10959108057187124
6034-YMTOB,1,0.5819501970937037
6372-RFVNS,1,0.8335704072072772
9052-DHNKM,0,0.15717358075723578
5609-IMCGG,0,0.42405454334261916
2959-MJHIC,1,0.7219543644438078
1319-YLZJG,1,0.6328283383166904
7623-TRNQN,0,0.4728449941887266
0377-JBKKT,0,0.16495044262281874
1936-CZAKF,0,0.02315835862713314
5063-IUOKK,0,0.01857665368274911
8646-JCOMS,0,0.11654831840347171
0979-MOZQI,0,0.015500031251579298
1525-LNLOJ,0,0.016998164707446767
5759-RCVCB,0,0.37709957395821325
9968-FFVVH,0,0.05328219165080915
2266-FUBDZ,0,0.01679926657695344
4760-THGOT,0,0.43033454266899523
2307-FYNNL,0,0.11627543211495642
1143-NMNQJ,1,0.7970870837378661
1629-DQQVB,0,0.22366754462308652
3766-EJLFL,0,0.05874242634441296
8457-XIGKN,0,0.09191699333375361
4981-FLTMF,0,0.11472161730913179
7606-BPHHN,0,0.004569207609906518
7005-CCBKV,1,0.6441143175651615
4648-YPBTM,0,0.022409261060750633
2325-ZUSFD,0,0.05579110639001007
1240-KNSEZ,0,0.22506141676293911
0430-IHCDJ,0,0.3331995512386773
7957-RYHQD,0,0.29529265178372316
6164-HAQTX,0,0.014451106076063753
0749-IRGQE,0,0.3602310126994284
1227-UDMZR,0,0.01593436761282773
5473-KHBPS,0,0.16000841502828655
5297-MDOIR,0,0.11263226512293585
8873-TMKGR,0,0.030797218784726882
6481-ESCNL,0,0.403155618878982
0463-WZZKO,0,0.20068905497316672
1038-RQOST,0,0.07673859585150668
4937-QPZPO,0,0.22495640799460181
3604-WLABM,0,0.3648270519091824
1360-XFJMR,0,0.13731869572250607
8717-VCTXJ,0,0.02019558634732603
5196-SGOAK,1,0.8368822885337999
8739-XNIKG,1,0.6997742116249636
2320-TZRRH,0,0.03603233543501243
5186-SAMNZ,1,0.7376720310976796
5760-FXFVO,1,0.663241311161391
5380-WJKOV,1,0.5351160435435028
4703-MQYKT,0,0.014974207244813176
2001-MCUUW,0,0.13581432397051887
4947-DSMXK,0,0.33555915209846093
0076-LVEPS,0,0.14802473966418228
5566-SOEZD,0,0.19004852340792855
7408-OFWXJ,0,0.01542937302033965
1097-FSPVW,0,0.11571417087797617
4412-YLTKF,1,0.5203092077323224
0420-TXVSG,0,0.0167513311202661
7817-BOQPW,1,0.7513525438612305
0963-ZBDRN,1,0.5011341343999696
9685-WKZGT,1,0.5972278231607216
2139-FQHLM,0,0.40327447698903024
5825-XJOCM,0,0.05219555252050211
0004-TLHLJ,1,0.7281699711149436
7529-ZDFXI,0,0.431742363337476
6848-YLDFR,0,0.04589089827835752
5820-PTRYM,0,0.050178486066876
2984-RGEYA,0,0.004829772132607712
6434-TTGJP,0,0.07277631333949111
9643-AVVWI,1,0.7313701679652931
3506-OVLKD,0,0.028611618838305836
4946-EDSEW,0,0.14353351450808574
2924-KHUVI,0,0.26178778435629685
2263-SFSQZ,0,0.007986536619840565
5281-BUZGT,1,0.503012113677801
3717-FDJFU,0,0.03239443841787707
2239-CFOUJ,0,0.10442154586160572
8699-ASUFO,1,0.5477258816790751
1122-YJBCS,0,0.033152533839105554
0628-CNQRM,0,0.08483358040264165
1705-GUHPV,0,0.00564175988093477
4877-TSOFF,0,0.04787384195391481
7404-JLKQG,1,0.52015136423416
0379-DJQHR,0,0.016242964357309247
8993-PHFWD,0,0.46547959126160476
3930-ZGWVE,0,0.22415303434792833
1965-DDBWU,0,0.4275285610015351
7572-KPVKK,0,0.10670476303213465
6854-EXGSF,0,0.322398924956132
9483-GCPWE,0,0.06569050744803907
8053-WWDRO,0,0.15842621452700928
9473-CBZOP,0,0.07736888318290314
3985-HOYPM,0,0.03252434501133446
8378-LKJAF,0,0.3133536383772844
1310-QRITU,0,0.31657371616403296
3237-AJGEH,0,0.3350841661220833
6542-LWGXJ,0,0.3226189787526175
6953-PBDIN,0,0.013519625677603115
6332-FBZRI,0,0.04153694203663179
9365-CSLBQ,0,0.004346783150921819
3466-WAESX,0,0.3424456473003277
9700-ISPUP,0,0.4058441542482931
5167-ZFFMM,1,0.8263109783145509
7669-LCRSD,0,0.2926329992641375
0870-VEMYL,0,0.3855659312406958
2995-UPRYS,0,0.15808250109061447
3179-GBRWV,0,0.19446318174249824
0701-TJSEF,0,0.3719050095388966
1848-LBZHY,0,0.3321851112640671
5380-XPJNZ,0,0.024258899831682255
6608-QQLVK,1,0.5891364184205813
1475-VWVDO,1,0.6888965703430394
3721-CNEYS,1,0.7753828752168559
4299-OPXEJ,0,0.00777136627270969
0096-BXERS,0,0.3989852752845166
3055-VTCGS,0,0.04690802956326425
9405-GPBBG,0,0.06839032030753621
6704-UTUKK,0,0.25243970919983416
9944-AEXBM,0,0.3731640836709675
2545-EBUPK,1,0.7626323633039827
6270-OMFIW,0,0.23159484059244764
1852-XEMDW,0,0.17974066903452868
8158-WPEZG,0,0.343740868752709
5198-EFNBM,0,0.2320109483009612
7663-RGWBC,0,0.4690016058175862
3970-XGJDU,0,0.006378637127284435
6845-RGTYS,0,0.4370708609295609
0123-CRBRT,0,0.01699308535060308
6077-BDPXA,1,0.707309479036141
2250-IVBWA,0,0.3619833315113853
6137-NICCO,1,0.637075344852766
8129-GMVGI,0,0.006537020052837585
4353-HYOJD,0,0.15311792693314727
8671-KKKOS,0,0.17510948069265206
8080-DDEMJ,1,0.5695275097785538
6698-OXETB,0,0.027821516939001045
3312-UUMZW,0,0.35786658618335865
6376-GAHQE,1,0.7305848431212835
0733-VUNUW,0,0.1716758922258655
6733-LRIZX,0,0.1409632581624216
2165-VOEGB,0,0.15828691815944163
1853-UDXBW,1,0.7766129500754051
9070-BCKQP,0,0.055869514573081924
1035-IPQPU,0,0.416623802421736
2057-ZBLPD,1,0.5385543319263175
6967-PEJLL,0,0.0982323380259677
7879-CGSFV,0,0.15465649925273398
2257-BOVXD,0,0.20744218087465585
9822-BIIGN,0,0.18231561397558138
1136-XGEQU,0,0.05861387490489935
2439-LYPMQ,0,0.4624989710653395
6543-XRMYR,1,0.5412702875023255
5753-QQWPW,0,0.14924889865140062
4785-QRJHC,0,0.05045467966924936
0052-YNYOT,0,0.024870838109056017
7054-LGEQW,0,0.47568706008504713
0608-JDVEC,0,0.015517917131230607
6284-KMNUF,0,0.2648513716709431
6286-SUUWT,0,0.22467179047308125
3594-KADLU,0,0.35239774077010033
0536-ACXIP,0,0.09158420213697094
8869-TORSS,0,0.05163791277335863
0373-AIVNJ,0,0.14630121235980623
6429-SHBCB,0,0.18101388831160975
5751-USDBL,0,0.01754049323972878
6815-ABQFQ,0,0.26257031156569927
9450-TRJUU,0,0.4941514403933219
2805-AUFQN,0,0.015659578608754356
7855-DIWPO,0,0.460080155130091
0174-QRVVY,0,0.004646073789873891
9507-EXLTT,1,0.7932122703321121
8390-FESFV,0,0.020566941885448175
0661-KBKPA,0,0.05193792527572453
6856-RAURS,1,0.7274757995057256
7322-OCWHC,0,0.04730756278177922
2203-GHNWN,0,0.3327402607119222
3413-CSSTH,0,0.1346693356939788
3006-XIMLN,1,0.73967644863457
3750-CKVKH,1,0.7525871053142217
0576-WNXXC,1,0.5466395933268926
7056-IMHCC,0,0.4456901801319666
0866-QLSIR,0,0.07318435439302204
1628-BIZYP,1,0.8549300329380815
2230-XTUWL,0,0.006607816569864566
1980-KXVPM,1,0.6274928755725043
8619-IJNDK,0,0.015002636281641878
2960-NKRSO,1,0.5223287244399683
6705-LXORM,1,0.6688576191755251
7130-VTEWQ,1,0.6522030048193692
9364-YKUVW,0,0.09272770597930143
2761-OCIAX,1,0.7483033092410982
7996-BPXHY,0,0.01989327457735348
4248-QPAVC,0,0.41025657510310337
9357-UJRUN,0,0.146681972300441
6340-DACFT,0,0.008357441647030697
1023-BQXZE,0,0.02022623451212552
5480-HPRRX,0,0.43306980513574606
9576-SYUHJ,0,0.4848115995313465
2169-RRLFW,0,0.004630136249560729
8338-QIUNR,0,0.014711955314874367
0463-TXOAK,0,0.008320330337278423
4396-KLSEH,0,0.264791545929883
5186-EJEGL,0,0.30767283301314996
9334-GWGOW,1,0.6773276831136592
5696-JVVQY,0,0.02274939931938873
9633-DENPU,0,0.11101840797544303
0581-BXBUB,1,0.6781766775100393
2750-BJLSB,0,0.27355136828671234
2770-NSVDG,0,0.2500315447282126
8280-MQRQN,0,0.4924336270004908
7851-FLGGQ,0,0.47085766374256827
9374-YOLBJ,0,0.2830421633899121
6583-SZVGP,0,0.07709964463562739
2150-OEGBV,0,0.03544248456580262
9372-TXXPS,0,0.01989845319246492
6933-FHBZC,0,0.07412734256181781
4698-KVLLG,0,0.008899956694734425
8752-STIVR,1,0.7328137704709744
8623-ULFNQ,0,0.3171398619517187
9822-WMWVG,0,0.49850754521874163
4304-TSPVK,0,0.06309540586104233
1716-LSAMB,0,0.020386716285545437
3523-QRQLL,0,0.09370006312571562
2187-PKZAY,1,0.5078964933620542
1895-QTKDO,0,0.4903782489093448
8161-QYMTT,1,0.6518297134214903
2955-PSXOE,0,0.24602147270184502
6834-NXDCA,0,0.33372042997937484
8701-DGLVH,0,0.00809949847317961
2480-SQIOB,0,0.4480534370738299
4993-JCRGJ,0,0.34705624489318837
0581-MDMPW,0,0.3984160277703965
7789-CRUVC,0,0.2561286561774046
0164-APGRB,0,0.1039481009311578
8034-RYTVV,0,0.1504163140472207
3018-TFTSU,1,0.6141917926228633
9777-IQHWP,0,0.05890763905766301
6899-PPEEA,0,0.4913936299909377
6701-YVNQG,0,0.015765165301468282
7649-PHJVR,0,0.06535586108306876
9278-VZKCD,0,0.482300926841965
7636-PEPNS,0,0.04016132330484016
1575-KRZZE,0,0.4697631022566568
8590-OHDIW,0,0.021878885307151468
7764-BDPEE,0,0.18352379352672904
9480-BQJEI,0,0.14072319242689402
3354-OADJP,0,0.1773300151002012
3181-MIZBN,0,0.16147164622274654
9327-QSDED,0,0.3161722277608106
4892-VLANZ,0,0.22428264348440688
0298-XACET,0,0.019935398938626482
6917-FIJHC,0,0.004313632250572109
6557-BZXLQ,1,0.5403662717070672
2432-TFSMK,0,0.2340059632793794
4211-MMAZN,0,0.22545152226479362
4751-ERMAN,0,0.01361762207150481
8430-TWCBX,0,0.02136060209600934
1942-OQFRW,1,0.5655041025341241
4075-JFPGR,0,0.275191640380957
3339-EAQNV,0,0.10906072648345616
5329-KRDTM,0,0.014335166339788095
0307-BCOPK,0,0.04004151680844975
6473-ULUHT,0,0.29489859685786346
1194-SPVSP,0,0.2445042658315925
7249-WBIYX,1,0.6493904324382982
2293-IJWPS,0,0.1407569442396204
4377-VDHYI,0,0.2783657914822436
0019-EFAEP,0,0.05582262895456284
2480-EJWYP,0,0.15882826091100985
8970-ANWXO,0,0.06844538273630138
8739-WWKDU,1,0.5632578820991906
2171-UDMFD,0,0.060980901982689135
7036-TYDEC,0,0.10809035672807962
3831-YCPUO,0,0.05523344749729834
0121-SNYRK,0,0.04789708023173082
3325-FUYCG,0,0.3576850612716959
1952-DVVSW,0,0.06759523716929627
3571-DPYUH,0,0.14510690758923583
2077-MPJQO,1,0.6439952191104785
2391-SOORI,0,0.411937201397372
4086-ATNFV,0,0.06405458002036302
3396-DKDEL,0,0.05724840509398326
7471-MQPOS,0,0.03379610597826688
7181-OQCUT,0,0.387664030306892
3489-VSFRD,0,0.055215681273425445
6283-GITPX,0,0.013747568003108212
2845-HSJCY,1,0.5714023302692394
7216-KAOID,0,0.02196711482024754
6680-WKXRZ,1,0.6927926919693417
2346-LOCWC,0,0.006654726425399438
0769-MURVM,0,0.015669529728854888
3374-LXDEV,1,0.6279571427005919
5318-YKDPV,0,0.01972613457370143
8190-ZTQFB,0,0.10456519492316625
4512-ZUIYL,1,0.6365035584379636
3090-QFUVD,0,0.24144228106439844
4806-KEXQR,1,0.7143843328193716
2369-FEVNO,0,0.2245420215501737
9637-CDTKZ,0,0.059229364402295065
2954-PIBKO,0,0.016299696737148896
2212-LYASK,0,0.07549847966927357
9481-SFCQY,0,0.22034878790328485
2828-SLQPF,0,0.19405471948288033
4647-MUZON,0,0.4063580116473577
8212-DJRCH,1,0.628442063567375
0516-OOHAR,0,0.21272167158875974
4973-RLZVI,0,0.0688955164059227
8089-UZWLX,0,0.05762415525011975
9732-KPKBW,1,0.6015217414016701
9715-WZCLW,0,0.08832960188101067
0257-KXZGU,0,0.15327695175003958
0707-HOVVN,0,0.01580790792306556
5501-TVMGM,1,0.606156083610692
3422-LYEPQ,1,0.8168136806531666
2277-VWCNI,0,0.38453271166848113
5461-QKNTN,0,0.45140214431523346
3967-KXAPS,0,0.015715734354204966
6919-ELBGL,0,0.06050552782839666
8361-LTMKD,1,0.597635889361156
1131-ALZWV,0,0.036499684782115946
5178-LMXOP,1,0.8646024607090387
8992-CEUEN,0,0.2962709051927218
3320-VEOYC,1,0.6398401470045707
3672-YITQD,0,0.4628335515199517
6080-TCMYC,0,0.42767266879441695
6734-FQAJX,0,0.1053837154278764
1063-DHQJF,0,0.043644251693366325
3976-NLDEZ,0,0.22636363151739664
1729-VLAZJ,0,0.13645888604613138
3400-ESFUW,0,0.022351953410746958
5271-YNWVR,0,0.10385091108137219
1587-FKLZB,0,0.24097870591304119
0958-YHXGP,1,0.5005847789518694
1494-EJZDW,0,0.02603805544917749
1816-FLZDK,0,0.4139430599494223
2075-PUEPR,0,0.0071794280621490835
1833-TCXKK,0,0.3079279041998127
1436-ZMJAN,0,0.33068612997312097
0106-UGRDO,0,0.10443741217155175
1069-XAIEM,1,0.8550224216476118
4213-HKBJO,0,0.012596957733835356
8345-MVDYC,0,0.023481261038963145
2672-OJQZP,0,0.4712289737087317
5136-RGMZO,0,0.2501175816216366
5774-QPLTF,0,0.019734869324739928
5240-CAOYT,0,0.2985881054928558
3707-GNWHM,1,0.7727111566138285
5159-YFPKQ,1,0.7623076872442425
5052-PNLOS,1,0.7228096194058876
6173-GOLSU,0,0.256228027587397
6661-HBGWL,0,0.3449399816176538
8207-VVMYB,0,0.0047648938355061106
5324-KTGCG,0,0.020149145543025174
7354-OIJLX,1,0.6148960278178638
9286-BHDQG,0,0.01223596819479989
3567-PQTSO,0,0.2732644068308273
3197-ARFOY,0,0.40716603211581065
5698-BQJOH,1,0.6560023916430151
1090-ESELR,0,0.05382914848717706
0056-EPFBG,0,0.033442580759411436
4955-VCWBI,0,0.018916073528118388
4717-GHADL,0,0.022393506447290608
0058-EVZWM,0,0.28772747843252894
7218-HKQFK,1,0.8273386320958648
5057-RKGLH,0,0.027678813642793555
2309-OSFEU,0,0.30290058483787585
3429-IFLEM,0,0.014818989826926046
1550-LOAHA,0,0.3600667016038515
1400-MMYXY,1,0.7500722168157975
7503-QQRVF,0,0.4080514736361217
7504-UWHNB,0,0.47439509288694565
9565-JSNFM,0,0.1363351075190812
4735-BJKOU,0,0.008884109623064957
3580-GICBM,0,0.005811590297828419
7632-YUTXB,0,0.031466883354957544
9412-ARGBX,0,0.055394665875951626
9576-ANLXO,1,0.5968715099247424
1110-KYLGQ,0,0.30028976136172286
8696-JKZNU,0,0.4582682726640866
8757-TFHHJ,1,0.512169389798206
2955-BJZHG,1,0.5484964773521545
9048-JVYVF,1,0.5532480113083079
0682-USIXD,1,0.5323344377943492
3884-UEBXB,0,0.012732386592489665
1776-SPBWV,0,0.027269817684314003
9050-QLROH,0,0.43588323141667923
2925-VDZHY,0,0.014985288802368536
9512-UIBFX,0,0.3685879741772925
8676-TRMJS,1,0.6819572997315435
3334-CTHOL,1,0.5193044367359497
6331-LWDTQ,0,0.25962138283634206
3847-BAERP,0,0.13722838914889737
4709-LKHYG,0,0.05788787483270325
8621-MNIHH,0,0.48634093711671994
8884-ADFVN,1,0.6871371192298296
2885-HIJDH,0,0.0157293651737539
8570-KLJYJ,0,0.06430555173630309
9339-FIIJL,0,0.015533873823976557
6223-DHJGV,0,0.019588613092663555
0959-WHOKV,0,0.2601889414732804
9610-WCESF,0,0.025381489911951608
9279-CJEOJ,0,0.40945560119323315
2985-FMWYF,0,0.4983657987924637
3540-RZJYU,1,0.6046670541334236
2522-WLNSF,0,0.07502900064805038
6861-XWTWQ,1,0.6964062829962577
8735-NBLWT,0,0.14399478332897608
1744-JHKYS,0,0.11268636828529006
0841-NULXI,1,0.5343473001992726
4016-BJKTZ,0,0.17796913246854548
9298-WGMRW,0,0.05971312586509
7893-IXHRQ,0,0.30158003173908987
8785-CJSHH,0,0.4203611593793647
7654-YWJUF,0,0.15218879294505455
8909-BOLNL,0,0.09987697507447311
9919-FZDED,0,0.014989594999095876
0322-CHQRU,1,0.5127716586551583
3587-PMCOY,0,0.4028611144512469
0655-RBDUG,1,0.6050944750905891
0983-TATYJ,0,0.059018007851310866
5650-YLIBA,0,0.4817006805113929
5144-TVGLP,0,0.47636753962051726
3569-EDBPQ,1,0.5532715925117305
4945-RVMTE,0,0.18332091144724258
3511-BFTJW,0,0.01109389479387542
5537-UXXVS,0,0.08564134725451537
8782-NUUOL,0,0.04276344502272883
2865-TCHJW,1,0.7436059872519662
9931-KGHOA,0,0.11226767498980038
3071-MVJCD,0,0.015241698456506293
7279-BUYWN,0,0.49149055934366254
3756-VNWDH,0,0.2140185002282967
1395-OFUWC,0,0.09987593096078548
4223-BKEOR,0,0.08451864041189543
0040-HALCW,0,0.007552887307458652
7124-UGSUR,0,0.14390255840234562
7395-XWZOY,0,0.1820964459860173
5440-VHLUL,0,0.13448734830859446
4706-DGAHW,1,0.5698928274695121
8166-ORCHU,0,0.2991906763623086
3978-YNKDD,0,0.014546349196160394
7198-GLXTC,1,0.8052590987199741
6366-XIVKZ,0,0.21105510643497724
5133-POWUA,0,0.47512957267922057
8400-WZICQ,0,0.18077101478936503
5382-SOYZL,1,0.537611119665646
1989-PRJHP,1,0.5378121019720685
4154-AQUGT,0,0.4440039626165402
0980-FEXWF,0,0.07493585747846192
5845-BZZIB,0,0.009965961782670129
4840-ORQXB,0,0.4706322366625466
0295-PPHDO,1,0.8731977608709849
8775-ERLNB,1,0.8240577941426915
0376-YMCJC,1,0.5820304474093787
7410-YTJIK,1,0.611787013979562
9927-DSWDF,1,0.5834402166617335
6681-ZSEXG,0,0.020230413566378454
5702-KVQRD,0,0.027469565622109473
8711-LOBKY,0,0.005846996863202573
9692-TUSXH,1,0.5803600214845459
4012-YCFAI,0,0.01690406809119103
8455-HIRAQ,0,0.2997263484095476
7853-WNZSY,0,0.23994432698277893
0390-DCFDQ,1,0.7032501301994952
6421-SZVEM,0,0.19630416558482539
3094-JOJAI,0,0.3683651599613158
4873-ILOLJ,1,0.5211136425574545
8181-YHCMF,0,0.015317988216635292
3324-OIRTO,0,0.12952447872482412
9135-HSWOC,0,0.005624924569534523
2272-WUSPA,0,0.10406615252286143
4627-MIHJH,0,0.06459862262569384
3896-RCYYE,0,0.08490447475338675
6729-GDNGC,0,0.4059554525072665
9945-PSVIP,0,0.014158037406541582
4137-JOPHL,0,0.08340765570685216
2720-FVBQP,0,0.357046333937373
7854-EKTJL,0,0.2656108698204866
1133-KXCGE,0,0.03676766214959166
6048-QBXKL,0,0.4513925020838528
6338-AVWCY,0,0.35440595539066627
0013-MHZWF,0,0.36073586114339584
9804-ICWBG,1,0.788316734945324
2368-GAKKQ,0,0.0650818466879207
4829-AUOAX,0,0.30598275327657665
7876-BEUTG,0,0.20367940309513874
6349-JDHQP,0,0.008285918304647604
3063-QFSZL,1,0.6066896055888089
9142-XMYJH,0,0.07139385511782384
2609-IAICY,1,0.839810634578035
8626-PTQGE,0,0.01627707276546011
0230-UBYPQ,0,0.03451479339025275
6814-ZPWFQ,0,0.023153430089071978
5921-NGYRH,0,0.20046924635990573
7803-XOCCZ,0,0.29730055523639637
1459-QNFQT,0,0.014941327449998728
3948-FVVRP,0,0.31830414796549616
0923-PNFUB,1,0.7575199967584011
4654-ULTTN,0,0.013707164119186217
5628-FCGYG,1,0.5592646776686665
0506-LVNGN,1,0.6564777049171625
4329-YPDDQ,0,0.4241657844602229
9866-OCCKE,0,0.04844671755234246
0794-YVSGE,0,0.004515238783278293
4342-HENTK,1,0.7665262778544562
5934-TSSAU,0,0.36511406650989575
9986-BONCE,0,0.19939773674503466
5301-GAUUY,0,0.34913250658094264
0725-CXOTM,0,0.06375076094141255
2843-CQMEG,0,0.15743305822456177
5600-PDUJF,0,0.34116295515069983
4500-HKANN,0,0.03091496943178876
1862-QRWPE,0,0.007074966562724475
2155-AMQRX,0,0.17726091215851264
0823-HSCDJ,0,0.2000423250074351
4090-KPJIP,1,0.7554790957617444
2737-YNGYW,1,0.7471932321252871
5619-XZZKR,0,0.0924440534313847
6047-YHPVI,1,0.6674638943768259
8375-DKEBR,1,0.787569729733186
7729-XBTWX,0,0.004683163243438507
4983-CLMLV,0,0.3377228752394036
9227-LUNBG,0,0.4936065610888855
2758-RNWXS,0,0.27674112595681444
7055-HNEOJ,0,0.4056566903341492
7134-MJPDY,0,0.1333384884140348
4560-WQAQW,0,0.054391455537128305
8532-UEFWH,0,0.007618063225399923
8541-QVFKM,1,0.6187271330469907
7129-ACFOG,0,0.4308838765903478
2495-INZWQ,0,0.45721216251400787
0263-FJTQO,0,0.02654894950944375
0181-RITDD,0,0.05769967132782672
8241-JUIQO,0,0.015516066615993439
0913-XWSCN,0,0.28116765191201964
2159-TURXX,0,0.19139876053238628
6461-PPAXN,0,0.06656984268980368
1452-KIOVK,0,0.382089379228051
1139-WUOAH,0,0.02012984310166204
3207-OYBWH,0,0.29003017596224806
8347-GDTMP,0,0.00552086322177895
9909-DFRJA,0,0.23016376568916988
6383-ZTSIW,0,0.15518631775988811
5438-QMDDL,0,0.17908728084625092
8914-RBTSB,0,0.48405011852260255
6164-HXUGH,0,0.1587056874167974
6900-RBKER,0,0.07467280600446095
1492-QGCLU,0,0.1962255290175889
6664-FPDAC,0,0.2753499612197608
1088-AUUZZ,0,0.019519031710202188
6651-AZVTJ,0,0.47893881961605683
8219-VYBVI,0,0.00865874297056635
0310-MVLET,0,0.4167325977534768
7233-IOQNP,0,0.1014792020276913
7311-MQJCH,0,0.11713518908687154
9256-JTBNZ,0,0.15197732762008634
8713-IGZSO,0,0.19307428833950518
6821-BUXUX,1,0.6271347984688408
9114-DPSIA,0,0.014547192099754044
4501-UYKBC,0,0.055630497257255766
2798-NYLMZ,0,0.05659967859239489
6711-VTNRE,0,0.4963847574971739
5966-EMAZU,0,0.13447781160667244
3627-FHKBK,1,0.7754475727886313
7861-UVUFT,1,0.5587610218179581
9824-QCJPK,0,0.02368438016784456
7816-VGHTO,0,0.07896547097651614
3794-NFNCH,0,0.14388220026484155
3877-JRJIP,1,0.6223967690744466
5228-EXCET,1,0.6250757572427078
6248-BSHKG,0,0.013764206309899382
8915-NNTRC,0,0.05173556061043168
3470-OBUET,0,0.015285835916195345
3229-USWAR,0,0.06917672701709204
1927-QEWMY,0,0.004310513029833544
6374-AFWOX,0,0.019816111137267292
7912-SYRQT,1,0.5770658712070219
2070-FNEXE,1,0.6271787680105763
5803-NQJZO,0,0.015699166747360615
5651-YLPRD,0,0.4944328522761281
1271-UODNO,0,0.024494438662229053
5014-WUQMG,0,0.24764771747485068
5889-JTMUL,0,0.44816882641570127
0788-DXBFY,0,0.03012726588557008
2669-QVCRG,0,0.31764208834722396
6630-UJZMY,1,0.7378671198703443
5061-PBXFW,0,0.16701594403326303
2700-LUEVA,0,0.2426726127014308
3865-ZFZIB,0,0.015873622938434324
0471-ARVMX,0,0.24908092989351596
8985-OOPOS,0,0.34816216677634865
0719-SYFRB,0,0.3030454209220511
0447-BEMNG,0,0.09911730626779673
5630-AHZIL,0,0.456495080729936
2190-BCXEC,0,0.2911369546164755
1559-DTODC,0,0.18461921975797327
3244-DCJWY,1,0.7891858102261253
3967-VQOGC,0,0.004818220500236735
0265-PSUAE,0,0.47206546575910313
1622-HSHSF,0,0.2236351305176545
9867-XOBQA,0,0.03069146995036538
6773-LQTVT,0,0.13659322789522463
4332-MUOEZ,0,0.23514259552692648
0023-XUOPT,1,0.6060535984343334
6543-CPZMK,0,0.3686601009810697
6418-HNFED,0,0.024871370767915953
1036-GUDCL,0,0.10015239269264385
4818-QIUFN,1,0.5710519702580258
0778-NELLA,0,0.3187450720748931
7495-OOKFY,1,0.5786605832745205
4737-HOBAX,0,0.017238029501040666
7919-ZODZZ,0,0.15279050013347256
2988-PLAHS,0,0.3057411572157877
9067-SQTNS,0,0.019995796688828626
6483-OATDN,0,0.3186662406857259
5469-CTCWN,0,0.23867913952890155
3524-WQDSG,0,0.31444107820852624
6968-URWQU,0,0.04972679142463222
8601-QACRS,0,0.3535494602236359
8690-UPCZI,0,0.08549590396553276
5331-RGMTT,0,0.30867339761660806
1357-BIJKI,0,0.2790899367739491
2088-IEBAU,0,0.03158164799203109
0679-IDSTG,1,0.7746679492760116
6519-ZHPXP,0,0.05717737950153914
2101-RANCD,0,0.397107764368983
4029-HPFVY,1,0.5775310928195939
1015-OWJKI,0,0.2223441009978552
8314-HTWVE,0,0.02983327113106249
5357-TZHPP,1,0.5972404387869631
8727-XDPUD,0,0.02464411058718534
9073-ZZIAY,0,0.035678672787894196
5181-OABFK,0,0.02162319160496064
3812-LRZIR,0,0.023313591176613843
5204-HMGYF,0,0.05371193353479353
9950-MTGYX,0,0.014015673376655864
3675-EQOZA,0,0.19974724094789376
3646-ITDGM,0,0.007887221067286454
3913-FCUUW,0,0.015452602099842354
